site_name,index,mean,max,min,stdev,IQR,MK trend_value,MK_trend,MK_slope,MK_p_value,MK_intercept,cp_t,cp_pr_t,cp_s,cp_pr_s,site_location_name,latitude,longitude,bioregion_name
SAABHC0001,FVC-PV,9.704,16,4,2.232,3.25,-0.145,decreasing,-0.01,0.003936647,10.552,"['2021-12-01', '2018-08-01', '2023-09-01']","[0.999, 0.997, 0.982]","['2014-10-01', '2010-12-01', '2012-05-01']","[0.97, 0.914, 0.913]",SAABHC0001,-31.92288056,140.4651694,BHC
SAABHC0002,FVC-PV,10.275,17.25,4.667,2.6,3.708,-0.113,decreasing,-0.009,0.024632506,10.947,"['2020-09-30', '2018-03-02', '2011-09-01']","[1.0, 0.95, 0.854]","['2013-01-01', '2013-08-01', '2010-11-01']","[0.794, 0.793, 0.526]",SAABHC0002,-31.98336944,140.5023778,BHC
SAABHC0003,FVC-PV,8.86,24.167,1.667,5.422,8.333,-0.139,decreasing,-0.023,0.005734954,9.523,"['2011-03-02', '2017-03-02', '2020-06-01']","[0.966, 0.965, 0.964]","['2012-11-30', '2016-09-30', '2021-09-01']","[0.999, 0.928, 0.542]",SAABHC0003,-31.94265556,140.5466028,BHC
SAABHC0004,FVC-PV,33.635,49.25,18.417,7.747,12.917,0.049,no trend,0.014,0.331124341,32.597,"['2020-09-30', '2012-09-30', '2019-09-01']","[1.0, 0.975, 0.593]","['2017-01-31', '2016-07-01', '2013-03-02']","[0.999, 0.998, 0.878]",SAABHC0004,-32.01899722,140.5268556,BHC
SAABHC0005,FVC-PV,9.831,30.333,0.667,7.59,10.458,-0.12,decreasing,-0.028,0.017538342,10.097,"['2022-01-01', '2012-05-01', '2023-01-31']","[0.989, 0.889, 0.526]","['2016-10-31', '2022-03-02', '2016-04-01']","[0.952, 0.725, 0.489]",SAABHC0005,-31.97321235,140.5836429,BHC
SAABHC0006,FVC-PV,8.719,30.417,1.667,7.252,9.5,-0.168,decreasing,-0.026,0.000822895,8.06,"['2022-04-02', '2012-11-30', '2023-10-01']","[0.999, 0.998, 0.458]","['2011-01-31', '2012-07-01', '2016-09-30']","[0.995, 0.728, 0.548]",SAABHC0006,-31.90469653,140.6801647,BHC
SAACHC0001,FVC-PV,10.925,74.25,1.5,13.373,14.583,-0.254,decreasing,-0.033,4.16E-07,7.133,"['2012-01-01', '2016-11-30', '2016-05-01']","[0.813, 0.508, 0.499]","['2011-01-01', '2012-07-31', '2024-05-01']","[0.939, 0.527, 0.497]",,-27.40857955,140.190095,CHC
SAACHC0002,FVC-PV,9.295,71.083,1.5,12.754,9.417,-0.295,decreasing,-0.029,3.32E-09,6.383,"['2012-08-31', '2011-10-01', '2024-01-01']","[0.999, 0.957, 0.291]","['2010-11-01', '2012-03-01', '2024-05-01']","[1.0, 0.92, 0.46]",,-27.40973427,140.1874235,CHC
SAACHC0003,FVC-PV,8.541,75.417,1,11.664,8.292,-0.052,no trend,0,0.303234294,3.333,"['2011-07-02', '2012-09-30', '2024-01-01']","[0.96, 0.611, 0.522]","['2011-03-02', '2021-12-01', '2022-07-02']","[1.0, 0.625, 0.548]",SAACHC0003,-27.493709,140.120751,CHC
SAACHC0004,FVC-PV,9.709,76.667,0.917,12.971,12.083,-0.074,no trend,-0.002,0.139627434,2.745,"['2024-01-01', '2010-11-01', '2012-04-01']","[1.0, 0.999, 0.971]","['2020-01-01', '2020-07-31', '2012-07-01']","[0.993, 0.989, 0.96]",SAACHC0004,-27.491906,140.119866,CHC
SAACHC0005,FVC-PV,14.113,70.583,2.333,12.295,9.458,-0.266,decreasing,-0.063,1.24E-07,15.093,"['2011-05-02', '2013-01-31', '2024-01-01']","[0.996, 0.995, 0.43]","['2013-09-01', '2010-11-01', '2019-06-02']","[0.832, 0.719, 0.12]",SAACHC0005,-27.51444898,140.1782431,CHC
SAACHC0006,FVC-PV,15.592,77.25,3.917,11.977,7.958,-0.24,decreasing,-0.053,1.93E-06,16.97,"['2013-01-31', '2011-05-02', '2020-03-01']","[0.996, 0.996, 0.38]","['2013-08-01', '2011-06-02', '2016-11-30']","[0.901, 0.887, 0.118]",SAACHC0006,-27.5148642,140.1805824,CHC
SAACHC0007,FVC-PV,7.92,27.333,0,6.902,9,0.158,increasing,0.023,0.001656349,2.997,"['2011-06-02', '2020-03-01', '2024-03-01']","[1.0, 0.936, 0.662]","['2016-06-01', '2017-01-01', '2024-03-01']","[0.997, 0.997, 0.33]",,-27.44512002,140.1962215,CHC
SAACHC0008,FVC-PV,8.503,54.667,1.333,9.3,9.167,-0.396,decreasing,-0.06,3.33E-15,10.199,"['2011-06-02', '2013-06-02', '2024-01-01']","[1.0, 0.948, 0.454]","['2010-11-01', '2017-01-01', '2016-05-01']","[1.0, 0.876, 0.864]",SAACHC0008,-27.34928078,140.1579009,CHC
SAACHC0009,FVC-PV,11.73,63.083,1.667,12.014,12.542,-0.4,decreasing,-0.096,2.00E-15,15.921,"['2011-06-02', '2013-06-02', '2015-03-02']","[1.0, 0.943, 0.48]","['2010-12-01', '2017-01-01', '2016-05-01']","[1.0, 0.987, 0.981]",SAACHC0009,-27.35049291,140.1575178,CHC
SAACHC0010,FVC-PV,9.881,84,0.833,12.984,9.125,-0.3,decreasing,-0.04,2.42E-09,8.604,"['2012-08-31', '2016-05-01', '2016-11-30']","[0.996, 0.979, 0.979]","['2010-11-01', '2012-03-01', '2024-05-01']","[1.0, 0.998, 0.994]",SAACHC0010,-27.4706797,140.186347,CHC
SAACHC0011,FVC-PV,11.405,89.5,2,14.061,9.25,-0.29,decreasing,-0.049,7.84E-09,10.675,"['2012-03-01', '2016-11-30', '2016-05-01']","[0.96, 0.587, 0.58]","['2011-01-31', '2012-08-31', '2024-05-01']","[1.0, 0.629, 0.629]",SAACHC0011,-27.47213306,140.1879274,CHC
SAACHC0012,FVC-PV,8.552,20.5,2,4.339,5.25,0.074,no trend,0.007,0.142204855,6.51,"['2011-06-02', '2024-01-31', '2014-08-01']","[1.0, 0.998, 0.98]","['2016-05-01', '2017-01-01', '2021-06-02']","[0.995, 0.986, 0.485]",SAACHC0012,-27.61024145,140.3598566,CHC
SAACHC0013,FVC-PV,4.485,18.167,0.167,4.477,3.875,-0.023,no trend,0,0.643713562,2.333,"['2011-05-02', '2016-11-30', '2016-05-01']","[1.0, 1.0, 0.999]","['2024-05-01', '2020-10-31', '2010-10-01']","[1.0, 0.825, 0.028]",,-27.74577587,140.7467686,CHC
SAACHC0014,FVC-PV,8.968,72.417,0.333,14.18,8.833,-0.202,decreasing,-0.023,5.88E-05,4.243,"['2024-01-01', '2011-05-02', '2013-07-02']","[1.0, 0.998, 0.594]","['2024-01-01', '2011-05-02', '2013-06-02']","[1.0, 0.998, 0.641]",SAACHC0014,-28.09195395,140.5800757,CHC
SAACHC0015,FVC-PV,8.647,67.75,0.667,12.789,9.063,-0.088,no trend,-0.011,0.080830245,4.002,"['2024-03-01', '2011-05-02', '2013-05-02']","[1.0, 1.0, 0.896]","['2024-03-01', '2011-04-02', '2013-09-01']","[0.991, 0.933, 0.623]",,-28.09303377,140.5776083,CHC
SAAEYB0001,FVC-PV,40.316,73.75,12.667,13.553,18.958,0.01,no trend,0.004,0.850577872,38.352,"['2021-09-01', '2010-10-01', '2017-05-02']","[0.991, 0.72, 0.611]","['2024-05-01', '2011-06-02', '2023-08-01']","[0.551, 0.458, 0.275]",SAAEYB0001,-34.4568,137.3646306,EYB
SAAEYB0002,FVC-PV,37.571,48.5,27.167,4.582,6.167,0.155,increasing,0.021,0.002058448,35.396,"['2021-09-01', '2016-10-31', '2018-04-02']","[0.859, 0.645, 0.5]","['2020-10-31', '2021-10-01', '2019-06-02']","[0.552, 0.318, 0.149]",SAAEYB0002,-35.1010595,137.3957336,EYB
SAAEYB0003,FVC-PV,49.724,65.833,36.667,5.659,6.792,0.263,increasing,0.042,1.72E-07,46.432,"['2020-09-30', '2018-04-02', '2017-01-31']","[0.993, 0.61, 0.605]","['2014-04-02', '2015-01-31', '2024-04-01']","[0.605, 0.559, 0.321]",SAAEYB0003,-35.17267058,137.1651345,EYB
SAAEYB0004,FVC-PV,46.513,55.833,31,4.203,5.229,0.198,increasing,0.024,8.02E-05,44.907,"['2020-10-31', '2018-03-02', '2013-08-01']","[0.979, 0.925, 0.909]","['2011-01-01', '2012-01-01', '2016-05-01']","[0.756, 0.366, 0.35]",SAAEYB0004,-35.15362767,137.0783542,EYB
SAAEYB0005,FVC-PV,46.749,61.667,30.167,6.125,8.5,0.276,increasing,0.049,3.98E-08,42.85,"['2016-03-01', '2021-01-31', '2015-01-31']","[1.0, 0.994, 0.659]","['2010-08-01', '2014-04-02', '2014-12-01']","[0.978, 0.275, 0.224]",SAAEYB0005,-35.113453,137.017442,EYB
SAAEYB0006,FVC-PV,46.883,69.917,35.583,5.25,5.479,0.19,increasing,0.023,0.000158987,45.148,"['2020-11-30', '2015-01-31', '2023-11-01']","[0.967, 0.869, 0.606]","['2018-09-01', '2014-08-01', '2015-03-02']","[0.146, 0.088, 0.084]",SAAEYB0006,-35.132789,137.095945,EYB
SAAEYB0007,FVC-PV,41.948,56.167,25,5.079,6.542,0.234,increasing,0.034,3.41E-06,38.973,"['2013-07-02', '2015-01-01', '2016-10-31']","[0.993, 0.96, 0.953]","['2012-11-30', '2012-05-01', '2011-06-02']","[0.969, 0.884, 0.376]",SAAEYB0007,-35.2704748,136.8777863,EYB
SAAEYB0008,FVC-PV,47.811,63.667,35,4.653,5.458,0.265,increasing,0.033,1.47E-07,44.749,"['2013-10-01', '2022-05-02', '2012-04-01']","[0.995, 0.522, 0.424]","['2020-05-01', '2011-01-31', '2018-06-02']","[0.992, 0.909, 0.808]",SAAEYB0008,-35.04934872,137.2139253,EYB
SAAEYB0009,FVC-PV,45.239,60,35.333,4.543,5.979,0.18,increasing,0.025,0.000342297,42.791,"['2014-01-01', '2020-09-30', '2014-10-01']","[0.963, 0.961, 0.943]","['2018-01-01', '2010-12-01', '2011-12-01']","[0.971, 0.794, 0.479]",SAAEYB0009,-35.2553631,136.8481811,EYB
SAAEYB0010,FVC-PV,45.517,61.458,31.667,4.9,5.917,0.213,increasing,0.029,2.25E-05,43.637,"['2020-09-30', '2013-09-01', '2019-08-01']","[0.952, 0.934, 0.853]","['2011-05-02', '2014-01-01', '2015-01-31']","[0.97, 0.46, 0.209]",SAAEYB0010,-35.246255,136.926715,EYB
SAAEYB0011,FVC-PV,48.406,70.25,37.5,4.989,6.75,0.225,increasing,0.031,7.91E-06,46.242,"['2016-03-01', '2020-03-01', '2018-05-02']","[0.912, 0.651, 0.566]","['2021-01-31', '2022-01-31', '2010-11-01']","[0.978, 0.96, 0.957]",SAAEYB0011,-35.156909,137.046928,EYB
SAAEYB0012,FVC-PV,46.524,67.417,32,5.887,7.5,0.256,increasing,0.04,3.56E-07,43.64,"['2013-08-01', '2020-05-01', '2018-04-02']","[0.993, 0.838, 0.757]","['2018-10-01', '2017-09-01', '2014-01-01']","[0.235, 0.234, 0.021]",SAAEYB0012,-35.17259331,136.9465905,EYB
SAAEYB0013,FVC-PV,48.352,57.667,37.917,3.762,5.708,0.368,increasing,0.04,2.50E-13,45.214,"['2020-08-31', '2018-10-01', '2013-09-01']","[0.787, 0.749, 0.661]","['2011-01-01', '2014-01-31', '2013-04-02']","[0.534, 0.331, 0.195]",SAAEYB0013,-35.18971683,137.0969029,EYB
SAAEYB0014,FVC-PV,44.167,57.667,33.167,4.729,5.896,0.15,increasing,0.02,0.002937235,42.591,"['2020-08-31', '2014-12-01', '2013-10-01']","[0.969, 0.824, 0.775]","['2011-04-02', '2013-03-02', '2014-04-02']","[0.924, 0.585, 0.405]",,-35.26832087,136.8652942,EYB
SAAEYB0015,FVC-PV,49.273,63.833,34.75,5.42,6.792,0.265,increasing,0.039,1.35E-07,46.264,"['2023-10-01', '2023-01-01', '2016-06-01']","[0.954, 0.897, 0.617]","['2011-03-02', '2020-05-01', '2018-12-01']","[0.941, 0.81, 0.762]",SAAEYB0015,-35.19623919,136.9540931,EYB
SAAEYB0016,FVC-PV,51.618,74.5,31,6.029,6.208,0.248,increasing,0.037,8.31E-07,48.08,"['2023-11-01', '2023-01-01', '2013-08-01']","[0.787, 0.782, 0.747]","['2010-08-01', '2020-04-01', '2021-05-02']","[0.991, 0.513, 0.433]",SAAEYB0016,-35.178949,137.1799883,EYB
SAAEYB0017,FVC-PV,42.901,57.667,28.875,5.827,7.833,0.192,increasing,0.032,0.000134762,39.949,"['2013-09-01', '2012-07-01', '2022-09-01']","[0.965, 0.806, 0.788]","['2010-08-01', '2018-01-01', '2021-01-01']","[0.879, 0.511, 0.29]",,-35.24429926,136.8463529,EYB
SAAEYB0018,FVC-PV,46.751,60.833,25.389,5.716,7.292,0.12,increasing,0.019,0.01704744,45.288,"['2016-01-01', '2014-10-01', '2012-10-31']","[0.916, 0.646, 0.322]","['2014-05-02', '2016-10-31', '2013-05-02']","[0.978, 0.596, 0.437]",,-35.12090451,137.0883154,EYB
SAAEYB0019,FVC-PV,37.111,49.333,19.333,5.295,7.042,0.047,no trend,0.007,0.354584801,36.45,"['2011-07-02', '2020-09-30', '2024-01-31']","[0.896, 0.838, 0.526]","['2012-07-31', '2011-12-01', '2023-01-31']","[0.77, 0.745, 0.395]",,-34.98853117,136.994692,EYB
SAAEYB0020,FVC-PV,42.217,60,24.292,5.928,6.333,0.254,increasing,0.039,4.71E-07,39.171,"['2011-03-02', '2022-09-01', '2024-03-01']","[0.991, 0.96, 0.889]","['2011-04-02', '2018-10-01', '2016-10-31']","[0.85, 0.169, 0.167]",,-35.04243543,137.003589,EYB
SAAEYB0021,FVC-PV,28.614,43.167,14.667,5.912,8.458,0.315,increasing,0.053,3.68E-10,23.412,"['2013-10-01', '2018-11-01', '2021-01-31']","[0.998, 0.983, 0.885]","['2012-09-30', '2012-01-31', '2011-03-02']","[0.966, 0.951, 0.055]",SAAEYB0021,-33.83882212,136.1292331,EYB
SAAEYB0022,FVC-PV,33.498,46.5,21.5,5.176,7.7,0.112,increasing,0.018,0.025453904,31.368,"['2016-04-01', '2022-01-01', '2018-01-31']","[0.999, 0.998, 0.995]","['2011-03-02', '2013-03-02', '2015-07-02']","[0.451, 0.436, 0.249]",SAAEYB0022,-33.83529583,136.0188862,EYB
SAAEYB0023,FVC-PV,27.4,39.833,11.583,5.591,7.604,0.389,increasing,0.061,1.11E-14,21.612,"['2013-10-01', '2020-11-30', '2018-10-01']","[0.997, 0.904, 0.761]","['2012-10-31', '2011-11-01', '2013-07-02']","[0.536, 0.531, 0.477]",SAAEYB0023,-33.81098671,136.1473198,EYB
SAAEYB0024,FVC-PV,32.169,45.083,21.042,4.869,6.083,0.157,increasing,0.022,0.001776426,30.022,"['2018-10-01', '2021-11-01', '2013-11-01']","[0.956, 0.951, 0.888]","['2020-10-31', '2017-05-02', '2023-06-02']","[0.071, 0.071, 0.068]",SAAEYB0024,-33.76161029,136.0674051,EYB
SAAEYB0025,FVC-PV,42.458,49.667,31.167,3.467,4.5,0.1,increasing,0.009,0.045906982,42.739,"['2020-06-01', '2019-01-31', '2024-03-01']","[0.984, 0.972, 0.176]","['2016-03-01', '2017-03-02', '2012-01-31']","[0.793, 0.761, 0.713]",SAAEYB0025,-34.66208653,135.3709543,EYB
SAAEYB0026,FVC-PV,44.585,67,29.833,5.561,6.187,0.078,no trend,0.012,0.12035689,43.346,"['2013-05-02', '2011-04-02', '2020-09-30']","[0.726, 0.534, 0.521]","['2012-10-31', '2011-11-01', '2022-10-01']","[0.991, 0.549, 0.306]",SAAEYB0026,-34.67025657,135.3924635,EYB
SAAEYB0027,FVC-PV,46.384,60,36.417,4.097,5.292,-0.066,no trend,-0.007,0.188088958,46.118,"['2013-07-02', '2014-12-01', '2012-10-31']","[0.989, 0.989, 0.909]","[2010.75, 2024.3333740234375, nan]","[0.8107084035873413, 0.7740000486373901, nan]",SAAEYB0027,-34.6799485,135.3910658,EYB
SAAEYB0028,FVC-PV,7.053,16.667,0.167,3.188,3.892,0.424,increasing,0.035,0,3.468,"['2022-01-31', '2011-08-01', '2010-09-01']","[1.0, 0.889, 0.679]","['2021-06-02', '2020-03-01', '2016-07-31']","[0.543, 0.493, 0.382]",SAAEYB0028,-34.68853799,135.387597,EYB
SAAEYB0029,FVC-PV,22.152,36.417,2.583,6.994,8.375,-0.408,decreasing,-0.068,4.44E-16,29.145,"['2019-12-01', '2018-03-02', '2021-01-31']","[1.0, 0.998, 0.989]","['2019-12-01', '2021-11-01', '2023-04-02']","[0.973, 0.814, 0.035]",SAAEYB0029,-33.26579387,136.9371981,EYB
SAAEYB0030,FVC-PV,28.708,39,14.833,5.115,6.25,-0.011,no trend,-0.001,0.832012116,28.914,"['2020-11-30', '2018-11-01', '2010-10-01']","[1.0, 0.998, 0.795]","['2010-09-01', '2012-10-31', '2022-08-01']","[0.245, 0.036, 0.015]",SAAEYB0030,-33.19091907,136.8234574,EYB
SAAEYB0031,FVC-PV,28.978,38.333,18,4.391,6.458,-0.04,no trend,-0.005,0.424596339,29.257,"['2018-03-02', '2020-11-30', '2016-04-01']","[1.0, 1.0, 0.989]","[nan, nan, nan]","[nan, nan, nan]",SAAEYB0031,-33.20810817,136.9007118,EYB
SAAEYB0032,FVC-PV,25.518,39.167,4.167,7.106,8.75,-0.323,decreasing,-0.058,1.31E-10,31.81,"['2019-08-01', '2021-06-02', '2022-12-01']","[0.973, 0.8, 0.658]","['2020-06-01', '2021-07-02', '2019-01-31']","[0.791, 0.69, 0.663]",SAAEYB0032,-33.2023505,136.8494437,EYB
SAAEYB0033,FVC-PV,34.486,47,22.667,5.128,7.208,0.009,no trend,0.001,0.856445306,34.222,"['2020-11-30', '2018-04-02', '2016-10-31']","[0.991, 0.93, 0.662]","['2020-05-01', '2017-08-01', '2021-06-02']","[0.592, 0.521, 0.411]",SAAEYB0033,-33.22334811,136.9240633,EYB
SAAEYB0034,FVC-PV,18.575,28.333,8.167,4.499,6.583,0.108,increasing,0.016,0.032583274,16.921,"['2016-08-31', '2021-08-01', '2022-04-02']","[0.918, 0.88, 0.568]","['2012-03-01', '2019-05-02', '2021-05-02']","[0.888, 0.428, 0.34]",,-31.93883511,132.3388444,EYB
SAAEYB0035,FVC-PV,36.523,48.667,27.083,4.326,6.25,-0.09,no trend,-0.012,0.073809525,37.782,"['2023-11-01', '2017-12-01', '2021-06-02']","[0.952, 0.919, 0.897]","['2011-01-31', '2016-03-01', '2017-04-02']","[0.845, 0.468, 0.369]",SAAEYB0035,-31.983078,132.211062,EYB
SAAEYB0036,FVC-PV,10.762,34.667,3.875,3.844,3.792,-0.088,no trend,-0.008,0.080680214,11.086,"['2019-04-02', '2012-01-31', '2019-12-01']","[0.652, 0.566, 0.42]","['2020-11-30', '2020-07-01', '2019-04-02']","[0.747, 0.672, 0.344]",SAAEYB0036,-31.994197,132.374271,EYB
SAAEYB0037,FVC-PV,45.793,59.75,33.667,4.748,6.375,0.293,increasing,0.039,5.71E-09,42.214,"['2020-11-30', '2014-10-01', '2016-09-30']","[0.998, 0.857, 0.682]","['2020-04-01', '2014-06-02', '2012-06-01']","[0.364, 0.293, 0.275]",,-35.16320005,137.1067454,EYB
SAAFLB0003,FVC-PV,53.6,67.583,33.667,6.172,8.944,0.101,increasing,0.019,0.044845497,52.492,"['2021-12-01', '2017-10-01', '2016-01-31']","[0.964, 0.402, 0.391]","['2013-11-01', '2012-01-31', '2012-09-30']","[0.926, 0.722, 0.433]",SAAFLB0003,-34.97365,138.646998,FLB
SAAFLB0004,FVC-PV,48.545,62.333,36.75,6.022,9.292,0.08,no trend,0.015,0.112812877,46.725,"['2020-11-30', '2014-06-02', '2024-03-01']","[0.975, 0.918, 0.641]","['2017-05-02', '2014-06-02', '2016-09-30']","[0.998, 0.959, 0.684]",SAAFLB0004,-35.07034722,138.5786,FLB
SAAFLB0005,FVC-PV,36.71,53.5,5.917,8.44,10.625,0.055,no trend,0.013,0.277756535,36.217,"['2020-04-01', '2013-04-02', '2024-04-01']","[0.962, 0.887, 0.733]","['2013-08-01', '2016-11-30', '2017-08-01']","[0.986, 0.935, 0.742]",SAAFLB0005,-33.02676944,138.1032556,FLB
SAAFLB0006,FVC-PV,52.217,64.917,25.333,6.73,7.708,0.313,increasing,0.05,4.96E-10,48.8,"['2014-01-31', '2017-09-01', '2011-09-01']","[1.0, 0.998, 0.333]","['2011-01-31', '2013-01-31', '2020-07-31']","[0.53, 0.46, 0.182]",SAAFLB0006,-33.08573611,138.1626917,FLB
SAAFLB0007,FVC-PV,12.017,34,5.167,6.334,6.458,-0.151,decreasing,-0.018,0.002683146,11.354,"['2013-07-02', '2017-08-01', '2012-03-01']","[1.0, 1.0, 0.837]","['2011-01-31', '2017-05-02', '2013-04-02']","[0.997, 0.852, 0.828]",SAAFLB0007,-31.82368889,138.2997028,FLB
SAAFLB0008,FVC-PV,20.935,30.5,10.917,4.199,6.125,-0.059,no trend,-0.008,0.242906281,21.526,"['2018-03-02', '2020-10-31', '2022-10-01']","[0.864, 0.667, 0.618]","['2010-08-01', '2023-06-02', '2022-01-01']","[1.0, 0.667, 0.595]",SAAFLB0008,-31.83778611,138.3511917,FLB
SAAFLB0030,FVC-PV,3.062,11.833,0,2.224,1.75,-0.077,no trend,0,0.124681133,2,"['2022-01-01', '2022-09-01', '2012-09-30']","[1.0, 0.998, 0.395]","['2011-01-31', '2014-09-01', '2013-03-02']","[0.987, 0.8, 0.293]",SAAFLB0030,-29.97848333,138.0151194,FLB
SAAFLB0031,FVC-PV,2.765,9.833,0,1.935,1.875,0.087,no trend,0.002,0.083639824,1.8,"['2022-01-01', '2022-09-01', '2017-09-01']","[0.978, 0.755, 0.697]","['2011-01-31', '2016-11-30', '2013-01-31']","[0.967, 0.76, 0.26]",SAAFLB0031,-29.971575,137.9545667,FLB
SAAGAW0001,FVC-PV,21.615,33.833,9.333,4.899,6.375,-0.086,no trend,-0.013,0.086925499,22.627,"['2020-09-30', '2018-03-02', '2013-10-01']","[1.0, 1.0, 0.941]","['2011-01-01', '2011-09-01', '2015-07-02']","[0.935, 0.919, 0.042]",SAAGAW0001,-32.98324722,137.1972083,GAW
SAAGAW0002,FVC-PV,14.459,39.667,5.167,6.437,7.167,-0.178,decreasing,-0.029,0.000392871,15.58,"['2013-07-02', '2021-12-01', '2018-04-02']","[0.972, 0.957, 0.761]","['2012-11-30', '2011-01-01', '2018-10-01']","[0.965, 0.904, 0.378]",SAAGAW0002,-32.98011944,137.2442722,GAW
SAAGAW0003,FVC-PV,22.191,31.833,12,3.845,5.292,-0.051,no trend,-0.006,0.314599584,22.363,"['2018-10-01', '2021-06-02', '2012-05-01']","[0.986, 0.956, 0.947]","['2020-06-01', '2022-07-02', '2021-01-31']","[0.898, 0.89, 0.836]",SAAGAW0003,-32.97155,137.2483611,GAW
SAAGAW0004,FVC-PV,10.23,18,3.167,2.533,2.958,0.351,increasing,0.025,2.93E-12,7.866,"['2021-11-01', '2016-01-01', '2023-01-31']","[0.993, 0.979, 0.852]","['2021-01-31', '2017-10-01', '2013-01-31']","[0.701, 0.68, 0.462]",SAAGAW0004,-30.87168877,135.4403808,GAW
SAAGAW0005,FVC-PV,4.692,20.5,0,4.319,4.75,0.088,no trend,0.007,0.080147434,2.248,"['2021-12-01', '2023-09-01', '2017-08-01']","[1.0, 0.999, 0.673]","['2012-10-31', '2012-04-01', '2017-08-01']","[0.738, 0.618, 0.454]",SAAGAW0005,-30.80325101,135.3901235,GAW
SAAGAW0006,FVC-PV,11.207,27.917,2,5.414,5.708,0.023,no trend,0.003,0.655116434,9.475,"['2012-01-01', '2023-10-01', '2016-05-01']","[0.96, 0.795, 0.59]","['2017-10-01', '2012-10-31', '2012-04-01']","[0.983, 0.942, 0.508]",SAAGAW0006,-30.533632,135.547127,GAW
SAAGAW0007,FVC-PV,10.128,19.167,3.917,2.708,3.833,0.149,increasing,0.012,0.003043515,8.92,"['2012-01-01', '2013-07-02', '2020-08-31']","[0.997, 0.931, 0.908]","['2010-08-01', '2012-05-01', '2017-12-01']","[0.887, 0.825, 0.634]",SAAGAW0007,-30.54736758,135.526835,GAW
SAAGAW0008,FVC-PV,3.952,9.5,0.5,2.076,3.333,0.084,no trend,0.005,0.094748169,3.18,"['2020-08-31', '2018-08-01', '2024-04-01']","[0.977, 0.922, 0.678]","['2022-06-02', '2021-07-02', '2016-09-30']","[0.969, 0.869, 0.632]",SAAGAW0008,-30.67968337,135.538546,GAW
SAAGAW0009,FVC-PV,10.068,28.083,0,5.588,5.042,0.048,no trend,0.006,0.344905507,8.184,"['2011-06-02', '2023-01-01', '2013-07-02']","[0.908, 0.582, 0.491]","['2016-10-31', '2012-11-30', '2011-06-02']","[0.685, 0.542, 0.474]",,-30.66921336,135.6267406,GAW
SAAGAW0010,FVC-PV,30.449,45.333,20.667,5.322,7.833,0.174,increasing,0.029,0.000536016,27.341,"['2020-11-30', '2018-09-01', '2013-11-01']","[1.0, 0.958, 0.607]","['2011-09-01', '2011-01-31', '2012-05-01']","[0.975, 0.974, 0.772]",,-32.77508381,135.9870104,GAW
SAAGAW0012,FVC-PV,17.022,47.333,1.75,10.304,12.875,-0.134,decreasing,-0.031,0.007617473,16.742,"['2022-12-01', '2022-01-01', '2017-09-01']","[0.999, 0.998, 0.925]","['2014-10-01', '2013-01-01', '2012-06-01']","[0.741, 0.602, 0.582]",,-32.79638123,136.0779654,GAW
SAAGAW0013,FVC-PV,17.372,30.583,8.583,4.147,5.458,-0.097,no trend,-0.013,0.054062193,18.551,"['2020-09-30', '2019-03-02', '2023-04-02']","[0.891, 0.89, 0.864]","['2011-01-01', '2012-11-30', '2020-04-01']","[0.854, 0.75, 0.102]",,-32.65868736,135.8663745,GAW
SAAGVD0001,FVC-PV,7.891,22.917,0.333,4.576,5.625,-0.021,no trend,-0.003,0.674151697,7.525,"['2013-07-02', '2011-07-02', '2014-09-01']","[0.958, 0.787, 0.736]","['2016-10-31', '2014-06-02', '2019-12-01']","[0.847, 0.333, 0.301]",SAAGVD0001,-29.34533611,130.4461611,GVD
SAAGVD0002,FVC-PV,8.284,21.5,1,4.157,5.167,-0.011,no trend,0,0.82519168,7.833,"['2011-07-02', '2013-08-01', '2018-05-02']","[0.921, 0.838, 0.458]","['2016-11-30', '2015-04-02', '2013-12-01']","[0.42, 0.394, 0.272]",SAAGVD0002,-29.34649167,130.4504778,GVD
SAAGVD0003,FVC-PV,9.376,38.667,0.056,9.665,12.583,-0.201,decreasing,-0.031,6.63E-05,7.115,"['2012-01-01', '2021-10-01', '2013-09-01']","[1.0, 0.79, 0.642]","['2018-01-01', '2014-09-01', '2017-06-02']","[0.828, 0.573, 0.449]",SAAGVD0003,-29.32168889,130.4461611,GVD
SAAGVD0004,FVC-PV,11.762,25.167,3.5,4.311,5.292,0.018,no trend,0.002,0.723088082,11.179,"['2020-09-30', '2018-10-01', '2014-04-02']","[0.996, 0.992, 0.459]","['2011-08-01', '2011-01-01', '2016-10-31']","[0.974, 0.971, 0.407]",SAAGVD0004,-30.81475278,132.1342611,GVD
SAAGVD0005,FVC-PV,9.678,24.417,3.167,3.3,2.958,-0.122,decreasing,-0.01,0.015327008,10.241,"['2023-12-01', '2016-04-01', '2017-04-02']","[0.983, 0.76, 0.671]","['2017-05-02', '2016-04-01', '2013-11-01']","[0.802, 0.351, 0.288]",,-27.70677226,133.6729863,GVD
SAAGVD0006,FVC-PV,9.912,23.958,3.167,4.014,4.875,-0.043,no trend,-0.005,0.396893708,9.329,"['2012-01-31', '2023-11-01', '2020-07-31']","[0.977, 0.656, 0.639]","['2016-10-31', '2016-04-01', '2010-09-01']","[0.869, 0.666, 0.217]",,-27.68661718,133.7008755,GVD
SAAKAN0001,FVC-PV,52.433,69.583,32.917,6.252,6.625,0.222,increasing,0.035,1.04E-05,49.408,"['2013-11-01', '2020-08-31', '2018-11-01']","[0.999, 0.998, 0.923]","[2011.3333740234375, 2024.3333740234375, nan]","[0.10070832818746567, 0.045041657984256744, nan]",SAAKAN0001,-35.64864444,137.3680278,KAN
SAAKAN0002,FVC-PV,51.401,72.333,2,14.017,11.458,-0.249,decreasing,-0.064,7.70E-07,61.237,"['2021-08-01', '2020-01-01', '2022-10-01']","[1.0, 1.0, 0.969]","['2020-01-01', '2020-08-31', '2015-09-01']","[0.988, 0.705, 0.287]",SAAKAN0002,-35.643269,137.217397,KAN
SAAKAN0003,FVC-PV,58.226,84.917,4,14.033,10.5,0.016,no trend,0.004,0.758919145,59.408,"['2020-01-01', '2021-01-31', '2022-01-31']","[1.0, 0.984, 0.889]","['2020-01-01', '2022-08-01', '2021-08-01']","[0.998, 0.768, 0.168]",SAAKAN0003,-35.74408333,137.3340444,KAN
SAAKAN0004,FVC-PV,45.154,73.167,8.25,12.108,14.938,0.1,increasing,0.037,0.046062479,42.126,"['2019-12-01', '2013-12-01', '2022-06-02']","[0.996, 0.988, 0.636]","['2020-01-01', '2015-08-01', '2014-08-01']","[0.959, 0.322, 0.149]",SAAKAN0004,-35.723154,136.973161,KAN
SAAKAN0005,FVC-PV,49.534,76.625,2,15.842,21.042,-0.095,no trend,-0.048,0.059254105,56.274,"['2020-01-01', '2013-12-01', '2021-03-02']","[1.0, 0.607, 0.355]","['2020-01-01', '2021-09-01', '2010-09-01']","[0.988, 0.604, 0.503]",SAAKAN0005,-35.810624,136.88294,KAN
SAAKAN0006,FVC-PV,41.227,69.75,2,13.301,13.042,-0.345,decreasing,-0.105,7.24E-12,54.591,"['2020-01-01', '2021-04-02', '2023-04-02']","[1.0, 0.999, 0.936]","['2013-08-01', '2014-05-02', '2012-01-31']","[0.826, 0.555, 0.539]",SAAKAN0006,-35.90062129,136.8960835,KAN
SAAKAN0007,FVC-PV,47.825,80.083,2,13.749,15.944,-0.016,no trend,-0.006,0.744720526,48.494,"['2020-01-01', '2021-01-31', '2013-07-02']","[1.0, 0.865, 0.684]","['2021-09-01', '2019-12-01', '2018-01-01']","[0.559, 0.491, 0.112]",SAAKAN0007,-35.908982,136.586576,KAN
SAAKAN0008,FVC-PV,52.792,67,41.833,5.312,7.792,0.133,increasing,0.021,0.008477038,50.729,"['2022-09-01', '2013-07-02', '2014-10-01']","[0.991, 0.694, 0.684]","[2012.5833740234375, 2024.3333740234375, nan]","[0.03225000202655792, 0.016875002533197403, nan]",SAAKAN0008,-35.904381,137.551283,KAN
SAAKAN0009,FVC-PV,50.788,88.375,30.833,9.701,10.958,0.179,increasing,0.045,0.00037364,45.173,"['2013-10-01', '2022-12-01', '2020-11-30']","[0.999, 0.998, 0.519]","['2017-04-02', '2017-11-01', '2016-07-31']","[0.579, 0.578, 0.52]",SAAKAN0009,-35.943027,137.324832,KAN
SAAKAN0010,FVC-PV,54.278,74.25,39.5,7.103,9.833,0.386,increasing,0.072,1.73E-14,46.643,"['2013-07-02', '2020-06-01', '2018-03-02']","[1.0, 0.957, 0.633]","['2015-01-01', '2015-09-01', '2020-05-01']","[0.599, 0.599, 0.13]",SAAKAN0010,-35.842017,137.906987,KAN
SAAKAN0011,FVC-PV,62.748,91,38,8.352,8.958,0.163,increasing,0.037,0.001210877,59.077,"['2022-05-02', '2016-08-31', '2015-01-31']","[0.997, 0.976, 0.965]","['2023-04-02', '2020-05-01', '2023-10-01']","[0.864, 0.858, 0.183]",SAAKAN0011,-35.783373,138.061671,KAN
SAAKAN0012,FVC-PV,52.438,65,40.708,4.462,5.125,0.135,increasing,0.016,0.007310864,50.731,"['2020-05-01', '2013-06-02', '2014-11-01']","[0.857, 0.839, 0.651]","['2017-09-01', '2018-07-02', '2017-01-01']","[0.595, 0.572, 0.413]",SAAKAN0012,-35.884354,137.989879,KAN
SAAMDD0007,FVC-PV,20.552,57.167,6.5,11.394,15.875,-0.126,decreasing,-0.036,0.012153988,19.795,"['2022-07-02', '2017-10-01', '2023-09-01']","[0.996, 0.945, 0.72]","['2010-10-01', '2016-08-31', '2012-09-30']","[0.987, 0.877, 0.801]",SAAMDD0007,-34.36234611,139.4997236,MDD
SAAMDD0008,FVC-PV,39.167,51.917,26.75,5.245,7.167,-0.249,decreasing,-0.037,7.22E-07,42.163,"['2024-01-31', '2020-10-31', '2019-08-01']","[0.855, 0.667, 0.665]","['2017-06-02', '2020-06-01', '2021-06-02']","[0.583, 0.296, 0.293]",SAAMDD0008,-34.34173111,139.5077222,MDD
SAAMDD0009,FVC-PV,24.85,54.333,11.167,9.108,12.25,-0.155,decreasing,-0.039,0.002110393,26.336,"['2022-09-01', '2018-04-02', '2023-09-01']","[1.0, 0.758, 0.675]","['2010-08-01', '2014-11-01', '2014-03-02']","[1.0, 0.561, 0.536]",SAAMDD0009,-34.35790194,139.4859286,MDD
SAAMDD0010,FVC-PV,28.882,39.5,17.083,4.292,6.097,-0.188,decreasing,-0.023,0.000191183,30.505,"['2020-08-31', '2012-05-01', '2017-01-01']","[0.996, 0.96, 0.939]","['2022-04-02', '2014-10-01', '2015-07-02']","[0.95, 0.431, 0.314]",SAAMDD0010,-34.32056583,139.5024239,MDD
SAAMDD0011,FVC-PV,31.775,56.833,17.75,7.427,9.583,-0.117,decreasing,-0.025,0.020182362,32.952,"['2010-08-01', '2017-09-01', '2022-01-01']","[0.991, 0.987, 0.809]","['2014-09-01', '2012-11-30', '2014-01-31']","[0.982, 0.973, 0.972]",SAAMDD0011,-34.31998056,139.5300286,MDD
SAANUL0001,FVC-PV,9.455,33.417,0.917,6.302,6.458,0.015,no trend,0.002,0.773187626,8.159,"['2016-06-01', '2020-09-30', '2018-05-02']","[0.981, 0.886, 0.877]","['2011-01-01', '2014-11-01', '2014-04-02']","[0.912, 0.648, 0.628]",SAANUL0001,-30.96575833,132.0876417,NUL
SAANUL0002,FVC-PV,20.498,34.667,9.667,5.771,9.042,-0.149,decreasing,-0.022,0.003146064,20.828,"['2020-08-31', '2019-08-01', '2018-08-01']","[0.999, 0.949, 0.715]","['2016-10-31', '2017-07-02', '2010-11-01']","[0.988, 0.984, 0.936]",SAANUL0002,-31.39337222,131.2773722,NUL
SAANUL0003,FVC-PV,12.243,28.5,1.167,5.422,7.5,-0.08,no trend,-0.013,0.11249373,12.671,"['2019-01-31', '2020-08-31', '2012-03-01']","[0.777, 0.664, 0.645]","['2016-10-31', '2010-08-01', '2017-12-01']","[0.537, 0.53, 0.431]",SAANUL0003,-31.482375,131.2667917,NUL
SAANUL0004,FVC-PV,10.919,23,1.5,4.623,6.667,-0.065,no trend,-0.009,0.199208536,11.015,"['2019-08-01', '2020-08-31', '2012-03-01']","[0.947, 0.907, 0.857]","['2016-10-31', '2018-01-31', '2010-08-01']","[0.925, 0.853, 0.116]",SAANUL0004,-31.51117778,131.3066306,NUL
SAANUL0005,FVC-PV,14.963,51.667,0.333,10.546,12.75,0.079,no trend,0.02,0.115103055,10.573,"['2021-01-01', '2021-11-01', '2023-07-02']","[1.0, 0.914, 0.907]","['2014-10-01', '2014-03-02', '2011-01-31']","[0.993, 0.988, 0.892]",SAANUL0005,-31.820043,132.287988,NUL
SAARIV0001,FVC-PV,50.261,65.5,40,6.088,9.333,-0.231,decreasing,-0.041,4.38E-06,53.605,"['2011-01-01', '2018-01-31', '2014-07-02']","[0.864, 0.8, 0.641]","['2012-03-01', '2019-01-31', '2019-10-01']","[0.748, 0.55, 0.538]",SAARIV0001,-34.08430278,140.7576028,RIV
SAARIV0002,FVC-PV,47.521,61.208,37.417,5.539,8.25,-0.238,decreasing,-0.04,2.28E-06,50.574,"['2018-03-02', '2014-07-02', '2010-12-01']","[0.929, 0.802, 0.667]","['2010-08-01', '2011-03-02', '2019-01-31']","[0.816, 0.247, 0.142]",SAARIV0002,-34.08334167,140.7584778,RIV
SAARIV0003,FVC-PV,39.401,54.917,27.917,6.38,9.458,-0.117,decreasing,-0.023,0.020515062,40.869,"['2011-01-01', '2018-01-01', '2012-07-31']","[0.983, 0.868, 0.494]","['2023-04-02', '2022-08-01', '2012-03-01']","[0.997, 0.993, 0.469]",SAARIV0003,-34.08388889,140.7602,RIV
SAARIV0004,FVC-PV,40.151,73.583,17.667,7.99,9.167,0.441,increasing,0.085,0,31.941,"['2011-03-02', '2022-09-01', '2020-07-31']","[1.0, 0.843, 0.671]","['2012-03-01', '2023-07-02', '2022-11-01']","[1.0, 0.999, 0.99]",SAARIV0004,-34.26156667,140.3868611,RIV
SAARIV0005,FVC-PV,48.499,69.25,24.25,6.873,9.75,0.265,increasing,0.053,1.39E-07,44.142,"['2011-01-31', '2020-04-01', '2014-01-31']","[0.999, 0.936, 0.863]","['2012-03-01', '2022-10-01', '2023-05-02']","[1.0, 0.996, 0.994]",SAARIV0005,-34.26347222,140.3877333,RIV
SAARIV0006,FVC-PV,38.269,70.167,14,7.961,9.958,0.33,increasing,0.07,5.22E-11,31.588,"['2012-06-01', '2011-01-31', '2022-08-01']","[0.749, 0.667, 0.632]","['2012-03-01', '2022-11-01', '2023-06-02']","[0.998, 0.93, 0.662]",SAARIV0006,-34.26363333,140.3898528,RIV
SAARIV0007,FVC-PV,32.032,60.5,19.583,7.348,10.042,-0.029,no trend,-0.006,0.564360785,31.154,"['2016-08-31', '2022-09-01', '2018-03-02']","[0.937, 0.651, 0.553]","['2023-06-02', '2022-09-01', '2010-09-01']","[0.986, 0.967, 0.759]",SAARIV0007,-34.15945,139.9267639,RIV
SAARIV0008,FVC-PV,29.798,66.667,18.333,7.256,8.417,0.055,no trend,0.011,0.271178735,27.752,"['2022-09-01', '2018-01-31', '2016-08-31']","[0.931, 0.639, 0.491]","['2023-04-02', '2022-07-02', '2012-03-01']","[0.994, 0.983, 0.366]",SAARIV0008,-34.15914722,139.9254167,RIV
SAARIV0009,FVC-PV,24.155,66.917,12.667,7.542,7.958,0.03,no trend,0.006,0.555121888,22.387,"['2012-01-01', '2022-09-01', '2010-09-01']","[0.973, 0.694, 0.622]","['2022-08-01', '2023-03-02', '2023-11-01']","[1.0, 0.995, 0.315]",SAARIV0009,-34.15837778,139.9278611,RIV
SAARIV0010,FVC-PV,52.922,79.583,39.667,8.055,10.333,-0.089,no trend,-0.021,0.076057931,53.771,"['2022-11-01', '2024-01-01', '2014-12-01']","[1.0, 0.667, 0.605]","['2011-07-02', '2010-08-01', '2013-03-02']","[0.998, 0.997, 0.428]",SAARIV0010,-34.35835328,140.5702172,RIV
SAARIV0011,FVC-PV,32.014,52,17,5.875,7.333,0.13,increasing,0.024,0.010017959,29.714,"['2016-07-01', '2018-03-02', '2022-01-31']","[0.807, 0.577, 0.572]","['2023-04-02', '2022-09-01', '2010-08-01']","[0.997, 0.992, 0.879]",,-34.35927478,140.5642294,RIV
SAARIV0012,FVC-PV,21.69,47,8.583,8.09,10.667,0.021,no trend,0.005,0.684221683,20.421,"['2022-11-01', '2011-12-01', '2018-06-02']","[1.0, 0.68, 0.601]","['2012-11-30', '2014-08-01', '2014-01-01']","[0.678, 0.499, 0.407]",,-34.42246716,140.5050336,RIV
SAARIV0013,FVC-PV,23.535,52.5,10.333,8.526,11.833,0.064,no trend,0.016,0.203187248,21.421,"['2022-07-02', '2024-03-01', '2012-04-01']","[0.999, 0.996, 0.416]","['2011-03-02', '2012-09-30', '2022-06-02']","[0.365, 0.323, 0.185]",,-34.43462928,140.5061455,RIV
SAARIV0014,FVC-PV,38.963,55.083,27.25,5.545,7.167,-0.154,decreasing,-0.025,0.002248251,40.685,"['2012-04-01', '2018-01-31', '2016-10-31']","[1.0, 0.835, 0.649]","['2010-08-01', '2011-07-02', '2023-05-02']","[0.667, 0.666, 0.332]",,-34.32704282,140.5626547,RIV
SAARIV0015,FVC-PV,35.413,62.056,18,9.161,13.333,-0.06,no trend,-0.017,0.235434277,36.538,"['2022-01-01', '2018-09-01', '2013-10-01']","[0.982, 0.908, 0.903]","['2010-08-01', '2011-07-02', '2012-01-31']","[1.0, 1.0, 0.099]",,-34.33971115,140.5334088,RIV
SAASTP0001,FVC-PV,5.478,27.583,0,6.048,7.042,-0.019,no trend,0,0.699639627,2.167,"['2016-05-01', '2017-04-02', '2011-04-02']","[0.998, 0.995, 0.667]","['2021-09-01', '2021-01-31', '2010-08-01']","[0.949, 0.943, 0.422]",SAASTP0001,-26.27817222,134.9992,STP
SAASTP0002,FVC-PV,7.726,31.833,0,8.19,12.583,0.066,no trend,0.006,0.190857063,2.922,"['2011-04-02', '2017-04-02', '2016-03-01']","[1.0, 0.984, 0.981]","['2023-05-02', '2021-10-01', '2020-07-31']","[0.5, 0.287, 0.186]",SAASTP0002,-26.27460833,135.0155972,STP
SAASTP0003,FVC-PV,0.994,2.167,0,0.679,1.25,0.497,increasing,0.009,0,0.187,"['2022-01-31', '2014-06-02', '2020-07-31']","[0.998, 0.72, 0.378]","['2013-01-01', '2018-10-01', '2016-07-31']","[0.912, 0.876, 0.815]",SAASTP0003,-26.2739,135.0729667,STP
SAASTP0004,FVC-PV,8.513,41.417,0.5,8.387,11.25,-0.101,decreasing,-0.017,0.044777785,6.15,"['2012-10-31', '2014-12-01', '2017-04-02']","[0.935, 0.618, 0.521]","['2011-01-31', '2012-06-01', '2016-03-01']","[0.998, 0.48, 0.281]",SAASTP0004,-26.08814222,135.4522019,STP
SAASTP0005,FVC-PV,10.397,56,1.333,9.748,8.667,-0.128,decreasing,-0.019,0.011080538,8.212,"['2022-05-02', '2012-10-31', '2021-03-02']","[0.998, 0.993, 0.97]","['2021-04-02', '2022-01-01', '2012-10-31']","[0.954, 0.858, 0.852]",SAASTP0005,-26.09590833,135.4235033,STP
SAASTP0006,FVC-PV,14.59,70.5,0,14.966,18.292,-0.088,no trend,-0.022,0.080590086,11.099,"['2021-04-02', '2022-10-01', '2018-01-31']","[1.0, 0.996, 0.936]","['2011-08-01', '2012-07-01', '2013-06-02']","[0.968, 0.924, 0.848]",SAASTP0006,-26.340247,135.873785,STP
SAASTP0007,FVC-PV,10.093,48.125,0,9.699,10.958,-0.139,decreasing,-0.027,0.00559323,9.445,"['2010-09-01', '2012-09-30', '2018-01-01']","[0.999, 0.99, 0.736]","['2021-03-02', '2021-10-01', '2022-06-02']","[0.959, 0.953, 0.827]",SAASTP0007,-26.35504167,135.8165917,STP
SAASTP0008,FVC-PV,3.034,10.333,0,1.945,1.833,-0.028,no trend,0,0.576314347,2.167,"['2021-03-02', '2014-05-02', '2016-09-30']","[0.997, 0.597, 0.395]","['2011-08-01', '2012-07-31', '2015-01-01']","[1.0, 0.667, 0.582]",SAASTP0008,-26.36887778,135.7887611,STP
SAASTP0009,FVC-PV,14.71,54.333,1.333,12.203,19.5,-0.26,decreasing,-0.072,2.40E-07,18.065,"['2018-03-02', '2012-10-31', '2012-04-01']","[0.894, 0.666, 0.563]","['2022-01-31', '2021-04-02', '2016-08-31']","[0.667, 0.661, 0.335]",SAASTP0009,-26.35025278,135.7046278,STP
SAASTP0010,FVC-PV,1.362,4.75,0,0.811,1.083,0.42,increasing,0.008,0,0.583,"['2014-11-01', '2021-10-01', '2017-03-02']","[0.999, 0.952, 0.495]","['2011-09-01', '2013-01-31', '2011-01-31']","[1.0, 0.981, 0.876]",SAASTP0010,-26.36668333,135.5817111,STP
SAASTP0011,FVC-PV,1.759,7.333,0,1.174,0.875,0.302,increasing,0.007,1.20E-09,1.069,"['2016-11-30', '2015-12-01', '2021-10-01']","[0.973, 0.935, 0.648]","['2011-09-01', '2013-01-31', '2016-11-30']","[0.998, 0.525, 0.472]",SAASTP0011,-26.4805,135.4576472,STP
SAASTP0012,FVC-PV,2.726,13.167,0,2.784,1.917,0.122,increasing,0.005,0.015050556,1.591,"['2011-05-02', '2016-01-01', '2016-09-30']","[0.999, 0.662, 0.66]","['2011-01-01', '2021-01-31', '2021-09-01']","[0.835, 0.656, 0.656]",SAASTP0012,-26.62279444,135.4337278,STP
SAASTP0013,FVC-PV,2.209,10,0,1.649,1.833,0.136,increasing,0.005,0.006606492,1.536,"['2011-05-02', '2015-12-01', '2017-04-02']","[1.0, 0.662, 0.66]","['2011-01-01', '2021-09-01', '2021-01-01']","[0.934, 0.653, 0.637]",SAASTP0013,-26.57410278,135.3073917,STP
SAASTP0014,FVC-PV,3.4,11.833,0.333,2.423,2.333,0.072,no trend,0.002,0.154028994,2.115,"['2015-12-01', '2016-10-31', '2011-06-02']","[0.999, 0.998, 0.586]","['2011-03-02', '2022-07-02', '2021-12-01']","[0.812, 0.669, 0.665]",SAASTP0014,-27.86115,136.6493694,STP
SAASTP0015,FVC-PV,2.547,7.667,0,1.415,1.5,0.033,no trend,0,0.503180495,2,"['2015-12-01', '2016-10-31', '2011-05-02']","[1.0, 0.999, 0.831]","['2011-01-31', '2013-01-31', '2022-07-02']","[0.839, 0.717, 0.214]",SAASTP0015,-27.86566667,136.6783306,STP
SAASTP0016,FVC-PV,10.085,32.167,0.333,7.633,10.75,-0.135,decreasing,-0.026,0.007176935,10.099,"['2012-07-31', '2015-12-01', '2016-11-30']","[0.894, 0.667, 0.665]","['2011-01-31', '2016-04-01', '2022-07-02']","[0.43, 0.343, 0.268]",SAASTP0016,-27.83496111,136.6299222,STP
SAASTP0017,FVC-PV,17.461,40.667,3,9.507,13.833,-0.136,decreasing,-0.037,0.006936829,18.266,"['2015-12-01', '2016-11-30', '2011-08-01']","[1.0, 0.999, 0.997]","['2019-11-01', '2020-11-30', '2019-03-02']","[0.966, 0.795, 0.718]",SAASTP0017,-27.83978333,136.6397306,STP
SAASTP0018,FVC-PV,3.334,17.167,0,3.773,2.25,0.008,no trend,0,0.873673618,2,"['2017-03-02', '2015-12-01', '2012-07-31']","[1.0, 1.0, 0.738]","['2011-01-01', '2012-01-01', '2012-06-01']","[1.0, 0.812, 0.329]",SAASTP0018,-28.43342778,136.4283806,SSD
SAASTP0019,FVC-PV,1.862,7.333,0,1.509,1,0.191,increasing,0.005,0.000134857,1.192,"['2016-01-31', '2016-10-31', '2011-04-02']","[1.0, 1.0, 0.642]","['2011-01-01', '2013-01-31', '2011-07-02']","[0.98, 0.897, 0.822]",SAASTP0019,-28.41965694,136.4812397,SSD
SAASTP0020,FVC-PV,1.476,3.667,0,0.814,1,0.329,increasing,0.007,5.01E-11,0.895,"['2022-01-01', '2011-04-02', '2013-06-02']","[0.999, 0.667, 0.667]","['2010-12-01', '2016-10-31', '2016-01-31']","[0.999, 0.683, 0.665]",SAASTP0020,-28.43764444,136.4588139,SSD
SAASTP0021,FVC-PV,2.361,8.333,0,1.715,0.75,0.108,increasing,0.002,0.030757703,1.825,"['2011-04-02', '2015-12-01', '2016-10-31']","[1.0, 0.997, 0.996]","['2016-10-31', '2011-08-01', '2021-11-01']","[0.644, 0.639, 0.527]",SAASTP0021,-28.40246944,136.5329083,STP
SAASTP0022,FVC-PV,2.92,24.5,0,3.434,2.667,0.213,increasing,0.01,2.20E-05,1.139,"['2023-05-02', '2024-01-31', '2013-11-01']","[0.997, 0.807, 0.629]","['2011-01-31', '2011-09-01', '2016-03-01']","[1.0, 1.0, 0.85]",SAASTP0022,-28.20560833,134.536,STP
SAASTP0023,FVC-PV,6.354,33.083,0,6.549,8.833,0.115,increasing,0.01,0.022355784,2.402,"['2023-05-02', '2015-06-02', '2011-07-02']","[0.661, 0.66, 0.372]","['2016-09-30', '2011-01-01', '2022-10-01']","[0.847, 0.541, 0.523]",SAASTP0023,-28.20895,134.5849472,STP
SAASTP0024,FVC-PV,1.843,19,0,2.365,1,0.379,increasing,0.008,3.40E-14,0.635,"['2020-08-31', '2016-07-01', '2015-12-01']","[0.753, 0.656, 0.569]","['2011-09-01', '2011-01-31', '2021-03-02']","[1.0, 1.0, 0.244]",SAASTP0024,-27.9941,134.9738889,STP
SAASTP0025,FVC-PV,1.479,11.083,0,1.357,1.333,0.377,increasing,0.009,3.91E-14,0.573,"['2020-07-31', '2013-12-01', '2018-04-02']","[0.97, 0.946, 0.737]","['2011-09-01', '2021-03-02', '2012-01-01']","[1.0, 0.163, 0.042]",SAASTP0025,-27.95972278,134.9713194,STP
SAASTP0026,FVC-PV,3.806,28.083,0,4.758,3.167,0.046,no trend,0.002,0.360211769,1.812,"['2011-09-01', '2011-01-31', '2020-08-31']","[0.856, 0.668, 0.309]","['2016-09-30', '2011-08-01', '2011-01-01']","[0.698, 0.361, 0.331]",SAASTP0026,-27.788875,134.8922078,STP
SAASTP0027,FVC-PV,2.997,19.5,0,3.518,2.083,0.091,no trend,0.003,0.068637766,1.703,"['2016-03-01', '2016-09-30', '2021-03-02']","[0.668, 0.667, 0.416]","['2011-01-31', '2011-08-01', '2016-09-30']","[0.951, 0.667, 0.433]",SAASTP0027,-27.73725,134.8437556,STP
SAASTP0028,FVC-PV,4.113,28.833,0,5.2,2.812,0.083,no trend,0.004,0.097280598,1.647,"['2016-03-01', '2016-09-30', '2011-09-01']","[0.667, 0.667, 0.615]","['2011-08-01', '2011-01-01', '2016-03-01']","[0.669, 0.661, 0.336]",SAASTP0028,-27.71056111,134.8446167,STP
SAASTP0029,FVC-PV,1.028,2,0,0.704,1.167,0.52,increasing,0.01,0,0.127,"['2022-04-02', '2013-06-02', '2014-07-02']","[1.0, 0.999, 0.323]","['2018-07-02', '2016-01-01', '2021-12-01']","[0.871, 0.736, 0.461]",SAASTP0029,-28.08707778,135.8614722,STP
SAASTP0030,FVC-PV,6.549,23.667,1,4.386,5.542,0.004,no trend,0,0.935355515,5.083,"['2022-01-31', '2017-05-02', '2015-01-01']","[0.996, 0.995, 0.732]","['2011-04-02', '2022-08-01', '2012-07-31']","[0.963, 0.852, 0.32]",SAASTP0030,-29.290199,139.179877,STP
SAASTP0031,FVC-PV,5.657,24.917,0.333,4.306,5.5,0.123,increasing,0.013,0.01466206,3.359,"['2011-08-01', '2015-01-31', '2017-04-02']","[1.0, 0.998, 0.983]","['2022-07-02', '2023-01-31', '2010-09-01']","[0.999, 0.989, 0.123]",SAASTP0031,-29.276984,139.175572,STP
SAASTP0032,FVC-PV,4.138,20.833,0,4.66,4.292,0.002,no trend,0,0.975059008,2,"['2022-01-31', '2022-09-01', '2012-10-31']","[0.998, 0.993, 0.975]","['2011-01-31', '2013-03-02', '2016-07-31']","[0.996, 0.696, 0.04]",SAASTP0032,-29.28948611,139.1824611,STP
SAASTP0033,FVC-PV,1.536,5.917,0,1.07,1.083,0.342,increasing,0.009,8.47E-12,0.713,"['2011-01-01', '2011-08-01', '2020-07-01']","[0.992, 0.98, 0.614]","['2017-03-02', '2017-10-01', '2012-10-31']","[0.996, 0.966, 0.074]",SAASTP0033,-30.3605802,135.3898437,STP
SAASTP0034,FVC-PV,2.728,11.333,0.167,1.871,1.708,-0.021,no trend,0,0.676373055,2,"['2011-09-01', '2013-04-02', '2013-11-01']","[0.999, 0.819, 0.703]","['2010-08-01', '2017-11-01', '2013-04-02']","[0.793, 0.592, 0.472]",SAASTP0034,-30.3633961,135.5281127,STP
SAASTP0036,FVC-PV,5.146,29.167,0.167,5.279,4.625,0.016,no trend,0.002,0.750341558,3.282,"['2022-01-01', '2011-12-01', '2024-04-01']","[0.991, 0.987, 0.666]","['2022-05-02', '2011-09-01', '2011-01-31']","[0.993, 0.667, 0.664]",,-27.56979183,134.144164,STP
SAASTP0037,FVC-PV,1.74,10.583,0,1.314,0.833,0.32,increasing,0.007,1.78E-10,1.056,"['2011-01-31', '2011-09-01', '2021-12-01']","[1.0, 1.0, 0.879]","['2012-08-31', '2015-04-02', '2022-05-02']","[0.931, 0.52, 0.399]",,-27.59988365,134.1343689,STP
SASMDD0001,FVC-PV,19.047,34.5,3.75,5.726,6.292,-0.149,decreasing,-0.024,0.003058065,20.286,"['2014-01-01', '2010-11-01', '2016-09-30']","[1.0, 0.962, 0.67]","['2014-01-01', '2014-09-01', '2015-11-01']","[0.865, 0.758, 0.361]",SASMDD0001,-34.00265833,140.5864083,MDD
SASMDD0002,FVC-PV,23.362,44.333,10.583,8.441,11.521,-0.194,decreasing,-0.055,0.000116911,26.428,"['2014-01-01', '2020-11-30', '2010-11-01']","[1.0, 0.907, 0.7]","['2015-11-01', '2014-01-01', '2010-08-01']","[0.975, 0.593, 0.3]",SASMDD0002,-34.01169722,140.5926917,MDD
SASMDD0003,FVC-PV,22.11,39.25,6.5,7.152,10.042,-0.218,decreasing,-0.056,1.46E-05,25.662,"['2013-12-01', '2010-12-01', '2015-01-31']","[1.0, 0.998, 0.662]","['2013-12-01', '2015-04-02', '2015-11-01']","[0.998, 0.862, 0.708]",SASMDD0003,-33.99453056,140.5856361,MDD
SASMDD0004,FVC-PV,18.674,59.625,0.417,13.049,18.5,-0.115,decreasing,-0.043,0.022649296,19.19,"['2022-05-02', '2023-04-02', '2017-08-01']","[1.0, 0.996, 0.943]","['2011-01-01', '2012-11-30', '2016-03-01']","[0.951, 0.818, 0.73]",SASMDD0004,-33.99676389,140.7346278,RIV
SASMDD0005,FVC-PV,19.588,45.667,4.417,11.612,17.625,-0.1,decreasing,-0.032,0.04660396,19.123,"['2022-05-02', '2017-09-01', '2011-11-01']","[1.0, 0.932, 0.863]","['2012-11-30', '2010-08-01', '2016-09-30']","[0.977, 0.574, 0.455]",SASMDD0005,-33.97431111,140.7257806,MDD
SASMDD0006,FVC-PV,22.716,39.667,13.583,5.207,6.938,-0.163,decreasing,-0.024,0.001242942,23.938,"['2020-09-30', '2012-07-31', '2018-10-01']","[0.995, 0.984, 0.977]","['2010-08-01', '2011-06-02', '2013-04-02']","[1.0, 0.998, 0.213]",SASMDD0006,-33.97274167,140.7272611,MDD
SASMDD0008,FVC-PV,34.39,46.917,21.75,5.796,8.875,-0.051,no trend,-0.009,0.311644007,34.832,"['2022-04-02', '2018-08-01', '2023-10-01']","[1.0, 0.984, 0.96]","['2010-08-01', '2012-10-31', '2022-08-01']","[0.652, 0.588, 0.431]",SASMDD0008,-34.04415278,140.76035,RIV
SASMDD0009,FVC-PV,20.463,36.333,10.417,6.283,9.167,-0.104,decreasing,-0.02,0.039419664,20.9,"['2022-05-02', '2012-05-01', '2018-03-02']","[0.991, 0.988, 0.559]","['2010-08-01', '2024-04-01', '2015-09-01']","[1.0, 0.579, 0.515]",SASMDD0009,-34.060282,140.69458,RIV
SASMDD0010,FVC-PV,19.304,35.75,8.5,5.669,6.625,-0.207,decreasing,-0.033,3.90E-05,20.815,"['2011-01-01', '2013-10-01', '2015-05-02']","[1.0, 1.0, 0.814]","['2014-08-01', '2013-01-31', '2013-10-01']","[0.921, 0.671, 0.487]",SASMDD0010,-34.003975,140.5750222,MDD
SASMDD0011,FVC-PV,20.076,58.75,3.083,13.062,20.125,-0.096,no trend,-0.036,0.055493837,20.532,"['2022-05-02', '2023-01-01', '2017-10-01']","[1.0, 0.972, 0.902]","['2010-10-01', '2014-12-01', '2017-08-01']","[0.993, 0.802, 0.728]",SASMDD0011,-34.01889444,140.7095278,RIV
SASMDD0012,FVC-PV,36.103,45.667,27.5,4.762,8.042,0.046,no trend,0.007,0.363743045,35.14,"['2010-08-01', '2015-12-01', '2018-08-01']","[1.0, 0.824, 0.812]","['2023-03-02', '2022-06-02', '2012-11-30']","[0.997, 0.996, 0.962]",SASMDD0012,-34.05913889,140.7543472,RIV
SASMDD0013,FVC-PV,23.307,48.056,7.833,9.39,13.792,-0.212,decreasing,-0.065,2.42E-05,27.325,"['2018-06-02', '2012-06-01', '2022-03-02']","[0.98, 0.955, 0.894]","['2010-08-01', '2024-05-01', '2011-06-02']","[1.0, 0.899, 0.495]",SASMDD0013,-34.05670278,140.7348694,RIV
SASMDD0014,FVC-PV,17.858,29.25,10.167,4.247,6.188,-0.188,decreasing,-0.024,0.000185564,19.309,"['2018-01-01', '2022-06-02', '2012-05-01']","[0.997, 0.666, 0.659]","['2010-08-01', '2018-11-01', '2023-04-02']","[0.876, 0.504, 0.314]",SASMDD0014,-34.03775833,140.7054139,RIV
SASMDD0016,FVC-PV,29.589,46,17.25,6.179,7.833,-0.319,decreasing,-0.056,2.29E-10,34.173,"['2018-10-01', '2012-07-01', '2022-08-01']","[0.95, 0.595, 0.542]","[2011.4166259765625, nan, nan]","[0.9988333582878113, nan, nan]",SASMDD0016,-33.95690278,140.7185444,MDD
SASMDD0017,FVC-PV,23.047,34.833,14.25,4.644,6.417,-0.286,decreasing,-0.038,1.33E-08,26.238,"['2018-09-01', '2012-07-01', '2010-12-01']","[1.0, 0.666, 0.386]","['2010-08-01', '2011-06-02', '2022-03-02']","[0.615, 0.613, 0.282]",SASMDD0017,-33.95559167,140.7179972,MDD
SASMDD0018,FVC-PV,19.692,31.875,13.5,4.351,6.042,-0.343,decreasing,-0.042,9.37E-12,22.856,"['2018-09-01', '2013-09-01', '2011-01-01']","[0.994, 0.989, 0.667]","['2022-03-02', '2023-03-02', '2010-08-01']","[0.692, 0.662, 0.346]",SASMDD0018,-34.00307222,140.5761167,MDD
SASRIV0001,FVC-PV,16.963,55.583,1.833,12.299,17.742,0.003,no trend,0.001,0.946288793,13.663,"['2022-05-02', '2018-06-02', '2012-10-31']","[1.0, 0.952, 0.464]","['2012-03-01', '2022-05-02', '2023-12-01']","[0.996, 0.843, 0.67]",SASRIV0001,-34.03782778,140.7559722,RIV
SASRIV0002,FVC-PV,17.084,41.333,1.667,9.943,15.583,-0.143,decreasing,-0.044,0.004572717,19.949,"['2012-05-01', '2018-04-02', '2020-04-01']","[0.963, 0.808, 0.701]","['2022-09-01', '2021-09-01', '2023-08-01']","[0.986, 0.79, 0.449]",SASRIV0002,-34.04282778,140.7806333,RIV
SATEYB0001,FVC-PV,42.262,72.833,14.333,15.005,23.375,-0.011,no trend,-0.005,0.833990055,40.495,"['2021-07-02', '2023-08-01', '2018-09-01']","[0.989, 0.91, 0.843]","['2015-11-01', '2023-12-01', '2010-10-01']","[0.999, 0.519, 0.416]",SATEYB0001,-34.50430556,138.7031889,EYB
SATEYB0002,FVC-PV,38.477,49.75,27,5.178,7.542,0.016,no trend,0.002,0.755118054,38.116,"['2020-08-31', '2024-03-01', '2013-07-02']","[1.0, 0.947, 0.571]","['2017-04-02', '2016-04-01', '2010-10-01']","[0.995, 0.994, 0.346]",SATEYB0002,-33.48902778,138.0801417,EYB
SATFLB0001,FVC-PV,38.799,50.75,25.944,4.829,7.167,0.063,no trend,0.009,0.209907979,37.724,"['2018-03-02', '2020-08-31', '2012-03-01']","[0.999, 0.996, 0.688]","['2012-04-01', '2012-11-30', '2016-06-01']","[0.982, 0.981, 0.306]",SATFLB0001,-34.60900833,138.8613444,FLB
SATFLB0002,FVC-PV,50.98,64.25,42.5,3.607,4.583,0.11,increasing,0.012,0.028371933,50.041,"['2022-11-01', '2023-10-01', '2020-07-01']","[0.72, 0.669, 0.419]","[2023.4166259765625, 2022.5833740234375, nan]","[0.41162511706352234, 0.2563750445842743, nan]",SATFLB0002,-34.68309722,138.9086,FLB
SATFLB0003,FVC-PV,52.27,61.5,36,3.915,4.5,-0.084,no trend,-0.009,0.096479167,53.119,"['2020-10-31', '2019-01-01', '2011-08-01']","[0.661, 0.642, 0.548]","['2013-09-01', '2012-10-31', '2012-04-01']","[0.87, 0.703, 0.436]",SATFLB0003,-34.576925,139.006103,FLB
SATFLB0004,FVC-PV,31.037,45.5,18.917,6.252,9.958,-0.015,no trend,-0.003,0.766524568,30.288,"['2018-01-31', '2020-10-31', '2016-06-01']","[0.829, 0.666, 0.595]","['2013-01-31', '2013-09-01', '2011-01-31']","[0.605, 0.6, 0.47]",SATFLB0004,-31.32773611,138.5673306,FLB
SATFLB0005,FVC-PV,33.886,45.5,17.5,5.971,8.444,-0.023,no trend,-0.004,0.653333293,34.826,"['2020-10-31', '2018-01-31', '2016-03-01']","[1.0, 0.96, 0.544]","['2013-01-31', '2013-09-01', '2011-03-02']","[0.994, 0.901, 0.836]",SATFLB0005,-31.31546111,138.5663667,FLB
SATFLB0006,FVC-PV,32.23,48.5,13.583,7.864,10.5,-0.288,decreasing,-0.066,1.05E-08,38.522,"['2021-06-02', '2017-11-01', '2019-09-01']","[0.933, 0.865, 0.846]","['2022-07-02', '2020-06-01', '2013-03-02']","[0.577, 0.54, 0.287]",SATFLB0006,-30.77565358,138.7975707,FLB
SATFLB0007,FVC-PV,30.731,47.167,15,7.354,10.042,0.206,increasing,0.052,4.12E-05,26.501,"['2012-01-31', '2013-11-01', '2020-11-30']","[1.0, 0.992, 0.914]","['2017-05-02', '2016-06-01', '2020-05-01']","[0.425, 0.392, 0.045]",SATFLB0007,-31.54388317,138.594579,FLB
SATFLB0008,FVC-PV,30.564,49.5,14.417,7.447,10.25,-0.094,no trend,-0.02,0.062343024,31.943,"['2020-03-01', '2017-10-01', '2014-01-31']","[0.998, 0.998, 0.623]","['2011-01-01', '2012-11-30', '2024-05-01']","[0.992, 0.989, 0.333]",SATFLB0008,-32.3209586,137.9543899,FLB
SATFLB0009,FVC-PV,45.066,53.5,34.167,4.62,6.333,-0.017,no trend,-0.003,0.738113797,45.725,"['2020-03-01', '2017-09-01', '2014-01-01']","[0.999, 0.983, 0.63]","['2013-01-31', '2011-01-31', '2013-09-01']","[0.998, 0.98, 0.622]",SATFLB0009,-32.31052104,137.9682707,FLB
SATFLB0010,FVC-PV,45.55,63.833,30.25,6.717,9.083,0.036,no trend,0.007,0.47392643,44.179,"['2020-06-01', '2018-03-02', '2023-08-01']","[0.639, 0.598, 0.585]","['2012-11-30', '2013-08-01', '2024-05-01']","[0.324, 0.311, 0.25]",SATFLB0010,-32.82851134,138.0326702,FLB
SATFLB0011,FVC-PV,55.448,76.333,43.333,5.826,6.771,-0.096,no trend,-0.015,0.056773231,56.44,"['2018-04-02', '2020-09-30', '2012-04-01']","[0.876, 0.565, 0.383]","['2023-05-02', '2022-06-02', '2012-11-30']","[0.68, 0.465, 0.317]",SATFLB0011,-32.74841999,138.1362668,FLB
SATFLB0012,FVC-PV,44.453,53.25,35.833,4.052,5.757,0.231,increasing,0.029,4.33E-06,41.909,"['2011-08-01', '2016-01-31', '2022-11-01']","[1.0, 0.967, 0.345]","['2023-03-02', '2020-03-01', '2020-10-31']","[0.163, 0.135, 0.081]",SATFLB0012,-34.88076551,138.7082603,FLB
SATFLB0013,FVC-PV,50.822,64.75,39.667,4.973,6.771,-0.165,decreasing,-0.024,0.001051911,52.271,"['2017-12-01', '2013-10-01', '2021-10-01']","[0.996, 0.982, 0.557]","['2015-04-02', '2012-10-31', '2012-04-01']","[0.805, 0.715, 0.696]",SATFLB0013,-33.9141962,138.6038099,FLB
SATFLB0014,FVC-PV,41.132,53.167,27.917,5.119,6.75,-0.091,no trend,-0.014,0.06929566,42.976,"['2013-07-02', '2018-04-02', '2012-01-01']","[0.989, 0.589, 0.447]","['2011-04-02', '2020-05-01', '2024-05-01']","[0.643, 0.557, 0.277]",SATFLB0014,-34.00513798,138.9593701,FLB
SATFLB0015,FVC-PV,59.808,75,38.333,6.163,7.062,0.05,no trend,0.009,0.324952094,59.148,"['2023-10-01', '2016-04-01', '2018-10-01']","[0.985, 0.958, 0.35]","['2012-11-30', '2012-04-01', '2021-01-31']","[0.679, 0.677, 0.265]",SATFLB0015,-34.93342691,138.7269537,FLB
SATFLB0016,FVC-PV,15.037,29.417,2,7.039,9.875,-0.509,decreasing,-0.104,0,25.577,"['2023-01-01', '2018-08-01', '2022-01-01']","[1.0, 0.988, 0.542]","['2021-06-02', '2011-07-02', '2022-07-02']","[0.946, 0.723, 0.505]",SATFLB0016,-30.343475,139.3396917,FLB
SATFLB0017,FVC-PV,9.346,32.417,1.833,6.434,9.167,-0.374,decreasing,-0.06,1.09E-13,13.501,"['2017-08-01', '2010-08-01', '2011-12-01']","[0.648, 0.563, 0.521]","['2022-09-01', '2012-07-01', '2014-08-01']","[0.564, 0.466, 0.438]",SATFLB0017,-30.33181111,139.3736722,FLB
SATFLB0018,FVC-PV,12.294,26,2,6.102,9.667,-0.344,decreasing,-0.062,8.42E-12,16.882,"['2018-01-31', '2022-01-01', '2023-01-31']","[0.995, 0.726, 0.664]","['2011-04-02', '2016-03-01', '2017-03-02']","[0.633, 0.413, 0.379]",SATFLB0018,-30.21904444,139.3241306,FLB
SATFLB0019,FVC-PV,9.741,30.833,1.667,6.755,10.5,-0.318,decreasing,-0.057,2.67E-10,12.886,"['2017-12-01', '2012-08-31', '2021-11-01']","[0.992, 0.987, 0.979]","['2022-09-01', '2010-08-01', '2016-03-01']","[0.734, 0.713, 0.2]",SATFLB0019,-30.21953056,139.2328694,FLB
SATFLB0020,FVC-PV,20.122,33.5,10.667,5.031,7.208,-0.278,decreasing,-0.041,3.31E-08,23.296,"['2016-10-31', '2020-09-30', '2022-01-01']","[1.0, 0.985, 0.647]","['2010-08-01', '2011-05-02', '2022-08-01']","[0.67, 0.613, 0.377]",SATFLB0020,-30.25567778,139.2272333,FLB
SATFLB0021,FVC-PV,17.603,36.833,1.917,9.108,15.083,-0.482,decreasing,-0.126,0,30.086,"['2022-01-01', '2018-09-01', '2011-10-01']","[0.999, 0.878, 0.655]","['2024-05-01', '2018-04-02', '2010-11-01']","[0.675, 0.474, 0.371]",SATFLB0021,-30.41211111,139.2199417,FLB
SATFLB0022,FVC-PV,20.839,40.083,4.333,8.568,13.292,-0.54,decreasing,-0.128,0,33.14,"['2023-10-01', '2019-01-31', '2012-08-31']","[0.997, 0.862, 0.776]","['2022-07-02', '2021-06-02', '2020-06-01']","[0.988, 0.601, 0.337]",SATFLB0022,-30.40600556,139.2260583,FLB
SATFLB0023,FVC-PV,10.877,24.333,2,5.795,8.542,-0.32,decreasing,-0.055,2.17E-10,15.461,"['2018-04-02', '2022-01-01', '2014-12-01']","[0.977, 0.795, 0.74]","['2018-10-01', '2022-07-02', '2012-06-01']","[0.853, 0.394, 0.319]",SATFLB0023,-30.59943611,139.0736139,FLB
SATFLB0024,FVC-PV,9.993,20.083,4.5,3.474,4.938,-0.348,decreasing,-0.032,4.61E-12,11.898,"['2017-08-01', '2016-05-01', '2011-05-02']","[0.981, 0.905, 0.51]","['2011-01-31', '2017-11-01', '2013-01-01']","[0.995, 0.868, 0.799]",SATFLB0024,-30.760856,138.579558,FLB
SATFLB0025,FVC-PV,17.717,26.667,9.5,3.772,5.167,-0.304,decreasing,-0.033,1.57E-09,19.967,"['2020-10-31', '2015-11-01', '2018-03-02']","[0.673, 0.654, 0.333]","['2010-08-01', '2021-11-01', '2015-04-02']","[0.55, 0.409, 0.18]",SATFLB0025,-30.78501389,138.6329361,FLB
SATFLB0026,FVC-PV,60.684,76,51.083,4.337,5.875,0.346,increasing,0.041,6.22E-12,56.521,"['2016-11-30', '2022-11-01', '2023-09-01']","[0.997, 0.994, 0.247]","['2015-11-01', '2010-10-01', '2014-09-01']","[0.894, 0.704, 0.658]",SATFLB0026,-34.88775556,138.78705,FLB
SATFLB0027,FVC-PV,56.531,84.667,30.167,7.713,7.5,-0.014,no trend,-0.002,0.781795411,57.609,"['2021-01-01', '2022-04-02', '2023-09-01']","[1.0, 1.0, 0.948]","['2021-01-01', '2024-01-31', '2023-01-31']","[0.876, 0.67, 0.534]",SATFLB0027,-35.08308056,138.6790056,FLB
SATFLB0028,FVC-PV,36.438,61.333,16.167,12.16,21.333,0.041,no trend,0.014,0.420998884,33.264,"['2023-10-01', '2017-07-02', '2021-09-01']","[0.976, 0.801, 0.776]","['2011-01-01', '2011-11-01', '2022-04-02']","[0.937, 0.677, 0.551]",SATFLB0028,-33.55308333,138.3932722,FLB
SATKAN0001,FVC-PV,66.454,81.583,49.833,4.94,5.542,0.087,no trend,0.011,0.084447117,65.348,"['2020-11-30', '2017-01-31', '2018-10-01']","[0.967, 0.945, 0.851]","['2019-09-01', '2018-09-01', '2012-01-31']","[0.993, 0.771, 0.129]",SATKAN0001,-35.60826944,138.261275,KAN
SATKAN0002,FVC-PV,64.264,78,41,5.996,8.042,0.084,no trend,0.013,0.096286716,62.32,"['2016-01-31', '2023-10-01', '2015-01-31']","[0.783, 0.555, 0.428]","['2016-04-01', '2014-06-02', '2012-03-01']","[0.523, 0.52, 0.486]",SATKAN0002,-35.27211111,138.690175,KAN
SATKAN0003,FVC-PV,59.828,73.833,42.333,6.197,7.354,0.133,increasing,0.023,0.008172524,57.856,"['2010-12-01', '2022-10-01', '2024-04-01']","[0.804, 0.569, 0.327]","['2013-03-02', '2013-10-01', '2011-07-02']","[0.855, 0.797, 0.753]",SATKAN0003,-35.46094167,138.6040389,KAN
SATKAN0004,FVC-PV,46.263,58.833,33,6.088,9.583,0.042,no trend,0.007,0.40814632,45.791,"['2017-05-02', '2016-09-30', '2021-07-02']","[0.968, 0.96, 0.552]","['2010-09-01', '2023-03-02', '2020-11-30']","[0.976, 0.878, 0.824]",SATKAN0004,-34.92716667,139.0381472,KAN
SATSTP0001,FVC-PV,5.569,29.167,0,5.626,4.958,-0.166,decreasing,-0.012,0.00090899,4.118,"['2022-01-01', '2023-01-01', '2011-12-01']","[0.685, 0.659, 0.586]","['2010-08-01', '2013-03-02', '2022-01-01']","[0.626, 0.551, 0.33]",SATSTP0001,-30.56166389,139.4363139,STP
SATSTP0002,FVC-PV,9.623,20.667,5.417,2.934,3.542,-0.169,decreasing,-0.013,0.000811183,10.131,"['2011-11-01', '2017-10-01', '2021-11-01']","[0.994, 0.983, 0.95]","['2011-07-02', '2022-08-01', '2022-01-01']","[1.0, 0.991, 0.986]",SATSTP0002,-30.65632778,139.5473556,STP
SATSTP0003,FVC-PV,2.826,11.333,0,2.224,2.292,0.046,no trend,0.001,0.365103068,1.901,"['2022-01-01', '2011-06-02', '2022-09-01']","[1.0, 0.857, 0.406]","['2016-07-31', '2017-04-02', '2011-01-01']","[0.593, 0.575, 0.503]",SATSTP0003,-29.75528333,138.8491778,STP
SATSTP0004,FVC-PV,11.071,42.583,0.667,10.114,13.667,-0.387,decreasing,-0.096,1.40E-14,18.141,"['2017-09-01', '2013-01-01', '2022-01-01']","[0.966, 0.665, 0.457]","['2010-09-01', '2022-10-01', '2012-08-31']","[0.671, 0.561, 0.446]",SATSTP0004,-29.79146944,138.8318556,STP
SATSTP0005,FVC-PV,8.922,20.583,2.667,3.633,4.667,-0.184,decreasing,-0.019,0.000259071,9.943,"['2017-12-01', '2015-07-02', '2011-09-01']","[0.953, 0.943, 0.912]","['2022-09-01', '2011-05-02', '2021-06-02']","[0.998, 0.671, 0.037]",SATSTP0005,-29.45659722,138.8487972,STP
SATSTP0006,FVC-PV,16.414,50,1.75,10.845,12.25,-0.234,decreasing,-0.063,3.26E-06,19.413,"['2018-11-01', '2022-03-02', '2022-12-01']","[0.832, 0.67, 0.665]","['2010-08-01', '2012-07-01', '2014-05-02']","[0.678, 0.64, 0.38]",SATSTP0006,-29.5305,138.8167,STP
SATSTP0007,FVC-PV,23.699,72.25,1.667,18.163,24.458,-0.374,decreasing,-0.16,1.05E-13,31.448,"['2017-01-01', '2017-09-01', '2013-01-01']","[1.0, 1.0, 1.0]","['2015-10-01', '2012-04-01', '2014-06-02']","[0.976, 0.325, 0.217]",SATSTP0007,-29.53599751,138.8171068,STP
SATSTP0008,FVC-PV,4.811,25.667,0,4.79,5.25,-0.01,no trend,0,0.836721599,2.333,"['2022-01-31', '2022-09-01', '2012-08-31']","[0.672, 0.667, 0.445]","['2016-11-30', '2022-01-31', '2011-04-02']","[0.665, 0.342, 0.335]",SATSTP0008,-29.38785704,138.8813785,STP
